/*M!999999\- enable the sandbox mode */ 
-- MariaDB dump 10.19-11.7.2-MariaDB, for Win64 (AMD64)
--
-- Host: localhost    Database: mig
-- ------------------------------------------------------
-- Server version	11.8.5-MariaDB

/*!40101 SET @OLD_CHARACTER_SET_CLIENT=@@CHARACTER_SET_CLIENT */;
/*!40101 SET @OLD_CHARACTER_SET_RESULTS=@@CHARACTER_SET_RESULTS */;
/*!40101 SET @OLD_COLLATION_CONNECTION=@@COLLATION_CONNECTION */;
/*!40101 SET NAMES utf8mb4 */;
/*!40103 SET @OLD_TIME_ZONE=@@TIME_ZONE */;
/*!40103 SET TIME_ZONE='+00:00' */;
/*!40014 SET @OLD_UNIQUE_CHECKS=@@UNIQUE_CHECKS, UNIQUE_CHECKS=0 */;
/*!40014 SET @OLD_FOREIGN_KEY_CHECKS=@@FOREIGN_KEY_CHECKS, FOREIGN_KEY_CHECKS=0 */;
/*!40101 SET @OLD_SQL_MODE=@@SQL_MODE, SQL_MODE='NO_AUTO_VALUE_ON_ZERO' */;
/*M!100616 SET @OLD_NOTE_VERBOSITY=@@NOTE_VERBOSITY, NOTE_VERBOSITY=0 */;

--
-- Table structure for table `mig_test_big`
--

DROP TABLE IF EXISTS `mig_test_big`;
/*!40101 SET @saved_cs_client     = @@character_set_client */;
/*!40101 SET character_set_client = utf8mb4 */;
CREATE TABLE `mig_test_big` (
  `SEQ` int(11) NOT NULL AUTO_INCREMENT,
  `TITLE` varchar(200) DEFAULT NULL,
  `CONTENT` text DEFAULT NULL,
  `REG_DATE` datetime DEFAULT NULL,
  `DUMMY1` varchar(100) DEFAULT NULL,
  `DUMMY2` varchar(100) DEFAULT NULL,
  PRIMARY KEY (`SEQ`)
) ENGINE=InnoDB DEFAULT CHARSET=utf8mb4 COLLATE=utf8mb4_general_ci;
/*!40101 SET character_set_client = @saved_cs_client */;

--
-- Dumping data for table `mig_test_big`
--

LOCK TABLES `mig_test_big` WRITE;
/*!40000 ALTER TABLE `mig_test_big` DISABLE KEYS */;
/*!40000 ALTER TABLE `mig_test_big` ENABLE KEYS */;
UNLOCK TABLES;

--
-- Table structure for table `zxxmig_db_master`
--

DROP TABLE IF EXISTS `zxxmig_db_master`;
/*!40101 SET @saved_cs_client     = @@character_set_client */;
/*!40101 SET character_set_client = utf8mb4 */;
CREATE TABLE `zxxmig_db_master` (
  `master_code` varchar(20) NOT NULL COMMENT 'PK',
  `url` varchar(45) DEFAULT NULL COMMENT '접근 URL (공통에서 DB 버젼 등을 선택하면 값을 가져옴',
  `class_name` varchar(45) DEFAULT NULL COMMENT 'jdbc class name',
  `user_id` varchar(45) DEFAULT NULL COMMENT '사용자 ID',
  `user_pswd` varchar(45) DEFAULT NULL COMMENT '사용자 PSWD',
  `character_set` varchar(45) DEFAULT NULL COMMENT '캐릭터 셋',
  `create_date` datetime DEFAULT NULL COMMENT '등록일',
  `update_date` datetime DEFAULT NULL COMMENT '수정일',
  `db_type` varchar(20) DEFAULT NULL COMMENT 'DB 종료 (Oracle, Mysql, Mssql...)',
  PRIMARY KEY (`master_code`)
) ENGINE=InnoDB DEFAULT CHARSET=utf8mb3 COLLATE=utf8mb3_uca1400_ai_ci COMMENT='DB 연결 마스터';
/*!40101 SET character_set_client = @saved_cs_client */;

--
-- Dumping data for table `zxxmig_db_master`
--

LOCK TABLES `zxxmig_db_master` WRITE;
/*!40000 ALTER TABLE `zxxmig_db_master` DISABLE KEYS */;
INSERT INTO `zxxmig_db_master` VALUES
('SC_DB','jdbc:postgresql://localhost:5432/jaesTEST','org.postgresql.Driver','postgres','shrkfl','UTF-8','2026-01-27 21:37:51','2026-01-28 08:11:15','postgresql'),
('SM_DB','jdbc:mariadb://localhost:3306/mig','org.mariadb.jdbc.Driver','root','shrkfl','UTF-8','2026-01-28 15:28:13','2026-01-28 15:28:13','maria'),
('TG_DB','jdbc:mariadb://localhost:3306/test','org.mariadb.jdbc.Driver','root','shrkfl','UTF-8','2026-01-27 21:41:03','2026-01-27 21:41:03','maria');
/*!40000 ALTER TABLE `zxxmig_db_master` ENABLE KEYS */;
UNLOCK TABLES;

--
-- Table structure for table `zxxmig_insert_column`
--

DROP TABLE IF EXISTS `zxxmig_insert_column`;
/*!40101 SET @saved_cs_client     = @@character_set_client */;
/*!40101 SET character_set_client = utf8mb4 */;
CREATE TABLE `zxxmig_insert_column` (
  `insert_column_seq` varchar(20) NOT NULL COMMENT 'PK',
  `insert_sql_seq` varchar(20) DEFAULT NULL COMMENT 'Insert_sql (FK)',
  `column_name` varchar(20) DEFAULT NULL COMMENT '컬럼명',
  `column_type` varchar(20) DEFAULT NULL COMMENT '컬럼 Type',
  `create_date` datetime DEFAULT NULL COMMENT '등록일',
  `update_date` datetime DEFAULT NULL COMMENT '수정일',
  `insert_data` varchar(200) DEFAULT NULL COMMENT 'selecf 절과 연결될 컬럼명',
  `insert_value` varchar(200) DEFAULT NULL COMMENT '직접입력한 insert value',
  `use_yn` varchar(1) DEFAULT NULL COMMENT '사용여부 Insert, Update sql 생성 시 사용여부',
  PRIMARY KEY (`insert_column_seq`),
  KEY `FK_INSERT_SQL_idx` (`insert_sql_seq`),
  CONSTRAINT `FK_INSERT_SQL` FOREIGN KEY (`insert_sql_seq`) REFERENCES `zxxmig_insert_sql` (`insert_sql_seq`)
) ENGINE=InnoDB DEFAULT CHARSET=utf8mb3 COLLATE=utf8mb3_uca1400_ai_ci COMMENT='insert sql 의 컬럼';
/*!40101 SET character_set_client = @saved_cs_client */;

--
-- Dumping data for table `zxxmig_insert_column`
--

LOCK TABLES `zxxmig_insert_column` WRITE;
/*!40000 ALTER TABLE `zxxmig_insert_column` DISABLE KEYS */;
INSERT INTO `zxxmig_insert_column` VALUES
('1769576815929','1769555647068','ERR_UUID','VARCHAR','2026-01-28 14:06:55','2026-01-28 14:06:55','ERR_UUID','',NULL),
('1769576815937','1769555647068','TEN_ID','VARCHAR','2026-01-28 14:06:55','2026-01-28 14:06:55','TEN_ID','',NULL),
('1769576815940','1769555647068','MENU_CD','VARCHAR','2026-01-28 14:06:55','2026-01-28 14:06:55','MENU_CD','',NULL),
('1769576815944','1769555647068','SVR_IP','VARCHAR','2026-01-28 14:06:55','2026-01-28 14:06:55','SVR_IP','',NULL),
('1769576815948','1769555647068','SESS_ID','VARCHAR','2026-01-28 14:06:55','2026-01-28 14:06:55','SESS_ID','',NULL),
('1769576815951','1769555647068','EXEC_UUID','VARCHAR','2026-01-28 14:06:55','2026-01-28 14:06:55','EXEC_UUID','',NULL),
('1769576815958','1769555647068','ERR_OCCR_TYP','VARCHAR','2026-01-28 14:06:55','2026-01-28 14:06:55','ERR_OCCR_TYP','',NULL),
('1769576815961','1769555647068','ERR_OCCR_SRC_PATH','VARCHAR','2026-01-28 14:06:55','2026-01-28 14:06:55','ERR_OCCR_SRC_PATH','',NULL),
('1769576815966','1769555647068','ERR_COL_NO','VARCHAR','2026-01-28 14:06:55','2026-01-28 14:06:55','ERR_COL_NO','',NULL),
('1769576815974','1769555647068','ERR_LN_NO','VARCHAR','2026-01-28 14:06:55','2026-01-28 14:06:55','ERR_LN_NO','',NULL),
('1769576815978','1769555647068','SYS_ERR_MSG','VARCHAR','2026-01-28 14:06:55','2026-01-28 14:06:55','SYS_ERR_MSG','',NULL),
('1769576815982','1769555647068','STK_TRCE_CONT','TEXT','2026-01-28 14:06:55','2026-01-28 14:06:55','STK_TRCE_CONT','',NULL),
('1769576815985','1769555647068','IMG_ATH_UUID','VARCHAR','2026-01-28 14:06:55','2026-01-28 14:06:55','IMG_ATH_UUID','',NULL),
('1769576815989','1769555647068','ERR_OCCR_DTTM','TIMESTAMP','2026-01-28 14:06:55','2026-01-28 14:06:55','ERR_OCCR_DTTM','',NULL),
('1769576815993','1769555647068','USR_ID','VARCHAR','2026-01-28 14:06:55','2026-01-28 14:06:55','USR_ID','',NULL),
('1769576815997','1769555647068','USR_WEBBR_KIND','VARCHAR','2026-01-28 14:06:55','2026-01-28 14:06:55','USR_WEBBR_KIND','',NULL),
('1769576816000','1769555647068','USR_ERR_MSG','VARCHAR','2026-01-28 14:06:56','2026-01-28 14:06:56','USR_ERR_MSG','',NULL),
('1769576816004','1769555647068','USR_EXEC_HISTREC','TEXT','2026-01-28 14:06:56','2026-01-28 14:06:56','USR_EXEC_HISTREC','',NULL),
('1769576816007','1769555647068','CLASS_NM','VARCHAR','2026-01-28 14:06:56','2026-01-28 14:06:56','CLASS_NM','',NULL),
('1769576816011','1769555647068','METH_NM','VARCHAR','2026-01-28 14:06:56','2026-01-28 14:06:56','METH_NM','',NULL),
('1769576816014','1769555647068','RMK','VARCHAR','2026-01-28 14:06:56','2026-01-28 14:06:56','RMK','',NULL),
('1769576816017','1769555647068','STS','VARCHAR','2026-01-28 14:06:56','2026-01-28 14:06:56','STS','',NULL),
('1769576816021','1769555647068','REGR_ID','VARCHAR','2026-01-28 14:06:56','2026-01-28 14:06:56','REGR_ID','',NULL),
('1769576816026','1769555647068','REG_DTTM','TIMESTAMP','2026-01-28 14:06:56','2026-01-28 14:06:56','REG_DTTM','',NULL),
('1769576816030','1769555647068','MODR_ID','VARCHAR','2026-01-28 14:06:56','2026-01-28 14:06:56','MODR_ID','',NULL),
('1769576816034','1769555647068','MOD_DTTM','TIMESTAMP','2026-01-28 14:06:56','2026-01-28 14:06:56','MOD_DTTM','',NULL),
('1769578274870','1769578270736','TEN_ID','VARCHAR','2026-01-28 14:31:14','2026-01-28 14:31:14','TEN_ID','',NULL),
('1769578274873','1769578270736','CCD','VARCHAR','2026-01-28 14:31:14','2026-01-28 14:31:14','CCD','',NULL),
('1769578274876','1769578270736','DTLCD','VARCHAR','2026-01-28 14:31:14','2026-01-28 14:31:14','DTLCD','',NULL),
('1769578274880','1769578270736','LANG_CCD','VARCHAR','2026-01-28 14:31:14','2026-01-28 14:31:14','LANG_CCD','',NULL),
('1769578274884','1769578270736','DTLCD_NM','VARCHAR','2026-01-28 14:31:14','2026-01-28 14:31:14','DTLCD_NM','',NULL),
('1769578274888','1769578270736','RMK','VARCHAR','2026-01-28 14:31:14','2026-01-28 14:31:14','RMK','',NULL),
('1769578274891','1769578270736','STS','VARCHAR','2026-01-28 14:31:14','2026-01-28 14:31:14','STS','',NULL),
('1769578274895','1769578270736','REGR_ID','VARCHAR','2026-01-28 14:31:14','2026-01-28 14:31:14','REGR_ID','',NULL),
('1769578274899','1769578270736','REG_DTTM','TIMESTAMP','2026-01-28 14:31:14','2026-01-28 14:31:14','REG_DTTM','',NULL),
('1769578274905','1769578270736','MODR_ID','VARCHAR','2026-01-28 14:31:14','2026-01-28 14:31:14','MODR_ID','',NULL),
('1769578274908','1769578270736','MOD_DTTM','TIMESTAMP','2026-01-28 14:31:14','2026-01-28 14:31:14','MOD_DTTM','',NULL),
('1769578318741','1769578311621','TEN_ID','VARCHAR','2026-01-28 14:31:58','2026-01-28 14:31:58','TEN_ID','',NULL),
('1769578318745','1769578311621','EML_SND_UUID','VARCHAR','2026-01-28 14:31:58','2026-01-28 14:31:58','EML_SND_UUID','',NULL),
('1769578318748','1769578311621','EML_TMPL_CD','VARCHAR','2026-01-28 14:31:58','2026-01-28 14:31:58','EML_TMPL_CD','',NULL),
('1769578318752','1769578311621','EML_TIT','VARCHAR','2026-01-28 14:31:58','2026-01-28 14:31:58','EML_TIT','',NULL),
('1769578318755','1769578311621','EML_CONT','TEXT','2026-01-28 14:31:58','2026-01-28 14:31:58','EML_CONT','',NULL),
('1769578318763','1769578311621','SNDR_EML','VARCHAR','2026-01-28 14:31:58','2026-01-28 14:31:58','SNDR_EML','',NULL),
('1769578318768','1769578311621','SNDR_NM','VARCHAR','2026-01-28 14:31:58','2026-01-28 14:31:58','SNDR_NM','',NULL),
('1769578318774','1769578311621','RCPNT_EML_LIST','TEXT','2026-01-28 14:31:58','2026-01-28 14:31:58','RCPNT_EML_LIST','',NULL),
('1769578318778','1769578311621','RCPNT_NM_LIST','TEXT','2026-01-28 14:31:58','2026-01-28 14:31:58','RCPNT_NM_LIST','',NULL),
('1769578318782','1769578311621','CC_EML_LIST','TEXT','2026-01-28 14:31:58','2026-01-28 14:31:58','CC_EML_LIST','',NULL),
('1769578318785','1769578311621','CC_NM_LIST','TEXT','2026-01-28 14:31:58','2026-01-28 14:31:58','CC_NM_LIST','',NULL),
('1769578318787','1769578311621','BCC_EML_LIST','TEXT','2026-01-28 14:31:58','2026-01-28 14:31:58','BCC_EML_LIST','',NULL),
('1769578318792','1769578311621','BCC_NM_LIST','TEXT','2026-01-28 14:31:58','2026-01-28 14:31:58','BCC_NM_LIST','',NULL),
('1769578318795','1769578311621','ATHG_UUID','VARCHAR','2026-01-28 14:31:58','2026-01-28 14:31:58','ATHG_UUID','',NULL),
('1769578318800','1769578311621','SND_DTTM','TIMESTAMP','2026-01-28 14:31:58','2026-01-28 14:31:58','SND_DTTM','',NULL),
('1769578318803','1769578311621','SND_YN','VARCHAR','2026-01-28 14:31:58','2026-01-28 14:31:58','SND_YN','',NULL),
('1769578318806','1769578311621','RMK','VARCHAR','2026-01-28 14:31:58','2026-01-28 14:31:58','RMK','',NULL),
('1769578318809','1769578311621','STS','VARCHAR','2026-01-28 14:31:58','2026-01-28 14:31:58','STS','',NULL),
('1769578318813','1769578311621','REGR_ID','VARCHAR','2026-01-28 14:31:58','2026-01-28 14:31:58','REGR_ID','',NULL),
('1769578318817','1769578311621','REG_DTTM','TIMESTAMP','2026-01-28 14:31:58','2026-01-28 14:31:58','REG_DTTM','',NULL),
('1769578318820','1769578311621','MODR_ID','VARCHAR','2026-01-28 14:31:58','2026-01-28 14:31:58','MODR_ID','',NULL),
('1769578318824','1769578311621','MOD_DTTM','TIMESTAMP','2026-01-28 14:31:58','2026-01-28 14:31:58','MOD_DTTM','',NULL),
('1769578318827','1769578311621','RCPNT_ID_LIST','TEXT','2026-01-28 14:31:58','2026-01-28 14:31:58','RCPNT_ID_LIST','',NULL),
('1769578318831','1769578311621','CC_ID_LIST','TEXT','2026-01-28 14:31:58','2026-01-28 14:31:58','CC_ID_LIST','',NULL),
('1769578318835','1769578311621','BCC_ID_LIST','TEXT','2026-01-28 14:31:58','2026-01-28 14:31:58','BCC_ID_LIST','',NULL),
('1769578318839','1769578311621','SND_ERR_MSG','TEXT','2026-01-28 14:31:58','2026-01-28 14:31:58','SND_ERR_MSG','',NULL),
('1769578318842','1769578311621','RCPNT_XCEPT_YN_LIST','TEXT','2026-01-28 14:31:58','2026-01-28 14:31:58','RCPNT_XCEPT_YN_LIST','',NULL),
('1769578318845','1769578311621','CC_XCEPT_YN_LIST','TEXT','2026-01-28 14:31:58','2026-01-28 14:31:58','CC_XCEPT_YN_LIST','',NULL),
('1769578318849','1769578311621','BCC_XCEPT_YN_LIST','TEXT','2026-01-28 14:31:58','2026-01-28 14:31:58','BCC_XCEPT_YN_LIST','',NULL),
('1769578364241','1769578359871','TEN_ID','VARCHAR','2026-01-28 14:32:44','2026-01-28 14:32:44','TEN_ID','',NULL),
('1769578364245','1769578359871','OORG_CD','VARCHAR','2026-01-28 14:32:44','2026-01-28 14:32:44','OORG_CD','',NULL),
('1769578364249','1769578359871','ITEM_CD','VARCHAR','2026-01-28 14:32:44','2026-01-28 14:32:44','ITEM_CD','',NULL),
('1769578364253','1769578359871','ITEM_LDTM','DECIMAL','2026-01-28 14:32:44','2026-01-28 14:32:44','ITEM_LDTM','',NULL),
('1769578364257','1769578359871','SG_CD','VARCHAR','2026-01-28 14:32:44','2026-01-28 14:32:44','SG_CD','',NULL),
('1769578364260','1769578359871','BPA_YN','VARCHAR','2026-01-28 14:32:44','2026-01-28 14:32:44','BPA_YN','',NULL),
('1769578364263','1769578359871','MULT_VD_YN','VARCHAR','2026-01-28 14:32:44','2026-01-28 14:32:44','MULT_VD_YN','',NULL),
('1769578364267','1769578359871','QTA_YN','VARCHAR','2026-01-28 14:32:44','2026-01-28 14:32:44','QTA_YN','',NULL),
('1769578364271','1769578359871','TL_YN','VARCHAR','2026-01-28 14:32:44','2026-01-28 14:32:44','TL_YN','',NULL),
('1769578364275','1769578359871','RMK','VARCHAR','2026-01-28 14:32:44','2026-01-28 14:32:44','RMK','',NULL),
('1769578364278','1769578359871','STS','VARCHAR','2026-01-28 14:32:44','2026-01-28 14:32:44','STS','',NULL),
('1769578364283','1769578359871','REGR_ID','VARCHAR','2026-01-28 14:32:44','2026-01-28 14:32:44','REGR_ID','',NULL),
('1769578364286','1769578359871','REG_DTTM','TIMESTAMP','2026-01-28 14:32:44','2026-01-28 14:32:44','REG_DTTM','',NULL),
('1769578364292','1769578359871','MODR_ID','VARCHAR','2026-01-28 14:32:44','2026-01-28 14:32:44','MODR_ID','',NULL),
('1769578364295','1769578359871','MOD_DTTM','TIMESTAMP','2026-01-28 14:32:44','2026-01-28 14:32:44','MOD_DTTM','',NULL),
('1769578400962','1769578396525','TEN_ID','VARCHAR','2026-01-28 14:33:20','2026-01-28 14:33:20','TEN_ID','',NULL),
('1769578400968','1769578396525','MULTLANG_CCD','VARCHAR','2026-01-28 14:33:20','2026-01-28 14:33:20','MULTLANG_CCD','',NULL),
('1769578400972','1769578396525','MULTLANG_KEY','VARCHAR','2026-01-28 14:33:20','2026-01-28 14:33:20','MULTLANG_KEY','',NULL),
('1769578400976','1769578396525','MULTLANG_TYP','VARCHAR','2026-01-28 14:33:20','2026-01-28 14:33:20','MULTLANG_TYP','',NULL),
('1769578400979','1769578396525','MULTLANG_TRANSL_CONT','VARCHAR','2026-01-28 14:33:20','2026-01-28 14:33:20','MULTLANG_TRANSL_CONT','',NULL),
('1769578400982','1769578396525','MULTLANG_MOD_DTTM','TIMESTAMP','2026-01-28 14:33:20','2026-01-28 14:33:20','MULTLANG_MOD_DTTM','',NULL),
('1769578401011','1769578396525','MULTLANG_ABBR_USE_YN','VARCHAR','2026-01-28 14:33:21','2026-01-28 14:33:21','MULTLANG_ABBR_USE_YN','',NULL),
('1769578401015','1769578396525','RMK','VARCHAR','2026-01-28 14:33:21','2026-01-28 14:33:21','RMK','',NULL),
('1769578401021','1769578396525','STS','VARCHAR','2026-01-28 14:33:21','2026-01-28 14:33:21','STS','',NULL),
('1769578401025','1769578396525','REGR_ID','VARCHAR','2026-01-28 14:33:21','2026-01-28 14:33:21','REGR_ID','',NULL),
('1769578401028','1769578396525','REG_DTTM','TIMESTAMP','2026-01-28 14:33:21','2026-01-28 14:33:21','REG_DTTM','',NULL),
('1769578401032','1769578396525','MODR_ID','VARCHAR','2026-01-28 14:33:21','2026-01-28 14:33:21','MODR_ID','',NULL),
('1769578401036','1769578396525','MOD_DTTM','TIMESTAMP','2026-01-28 14:33:21','2026-01-28 14:33:21','MOD_DTTM','',NULL),
('1769578430835','1769578426677','TEN_ID','VARCHAR','2026-01-28 14:33:50','2026-01-28 14:33:50','TEN_ID','',NULL),
('1769578430839','1769578426677','MULTLANG_CCD','VARCHAR','2026-01-28 14:33:50','2026-01-28 14:33:50','MULTLANG_CCD','',NULL),
('1769578430842','1769578426677','MULTLANG_KEY','VARCHAR','2026-01-28 14:33:50','2026-01-28 14:33:50','MULTLANG_KEY','',NULL),
('1769578430846','1769578426677','MULTLANG_TRANSL_CONT','VARCHAR','2026-01-28 14:33:50','2026-01-28 14:33:50','MULTLANG_TRANSL_CONT','',NULL),
('1769578430850','1769578426677','MULTLANG_MOD_DTTM','TIMESTAMP','2026-01-28 14:33:50','2026-01-28 14:33:50','MULTLANG_MOD_DTTM','',NULL),
('1769578430852','1769578426677','MENU_CD','VARCHAR','2026-01-28 14:33:50','2026-01-28 14:33:50','MENU_CD','',NULL),
('1769578430856','1769578426677','MODL_NM','VARCHAR','2026-01-28 14:33:50','2026-01-28 14:33:50','MODL_NM','',NULL),
('1769578430860','1769578426677','ELEMT_NM','VARCHAR','2026-01-28 14:33:50','2026-01-28 14:33:50','ELEMT_NM','',NULL),
('1769578430863','1769578426677','RMK','VARCHAR','2026-01-28 14:33:50','2026-01-28 14:33:50','RMK','',NULL),
('1769578430867','1769578426677','STS','VARCHAR','2026-01-28 14:33:50','2026-01-28 14:33:50','STS','',NULL),
('1769578430874','1769578426677','REGR_ID','VARCHAR','2026-01-28 14:33:50','2026-01-28 14:33:50','REGR_ID','',NULL),
('1769578430877','1769578426677','REG_DTTM','TIMESTAMP','2026-01-28 14:33:50','2026-01-28 14:33:50','REG_DTTM','',NULL),
('1769578430881','1769578426677','MODR_ID','VARCHAR','2026-01-28 14:33:50','2026-01-28 14:33:50','MODR_ID','',NULL),
('1769578430884','1769578426677','MOD_DTTM','TIMESTAMP','2026-01-28 14:33:50','2026-01-28 14:33:50','MOD_DTTM','',NULL),
('1769578490606','1769578486094','TEN_ID','VARCHAR','2026-01-28 14:34:50','2026-01-28 14:34:50','TEN_ID','',NULL),
('1769578490613','1769578486094','CO_CD','VARCHAR','2026-01-28 14:34:50','2026-01-28 14:34:50','CO_CD','',NULL),
('1769578490618','1769578486094','WRKGDAY_DT','DATE','2026-01-28 14:34:50','2026-01-28 14:34:50','WRKGDAY_DT','',NULL),
('1769578490622','1769578486094','DOW','VARCHAR','2026-01-28 14:34:50','2026-01-28 14:34:50','DOW','',NULL),
('1769578490625','1769578486094','CTRY_HOL_YN','VARCHAR','2026-01-28 14:34:50','2026-01-28 14:34:50','CTRY_HOL_YN','',NULL),
('1769578490629','1769578486094','CTRY_HOL_RSN','VARCHAR','2026-01-28 14:34:50','2026-01-28 14:34:50','CTRY_HOL_RSN','',NULL),
('1769578490632','1769578486094','CO_HOL_YN','VARCHAR','2026-01-28 14:34:50','2026-01-28 14:34:50','CO_HOL_YN','',NULL),
('1769578490636','1769578486094','CO_HOL_RSN','VARCHAR','2026-01-28 14:34:50','2026-01-28 14:34:50','CO_HOL_RSN','',NULL),
('1769578490639','1769578486094','RMK','VARCHAR','2026-01-28 14:34:50','2026-01-28 14:34:50','RMK','',NULL),
('1769578490646','1769578486094','STS','VARCHAR','2026-01-28 14:34:50','2026-01-28 14:34:50','STS','',NULL),
('1769578490649','1769578486094','REGR_ID','VARCHAR','2026-01-28 14:34:50','2026-01-28 14:34:50','REGR_ID','',NULL),
('1769578490654','1769578486094','REG_DTTM','TIMESTAMP','2026-01-28 14:34:50','2026-01-28 14:34:50','REG_DTTM','',NULL),
('1769578490657','1769578486094','MODR_ID','VARCHAR','2026-01-28 14:34:50','2026-01-28 14:34:50','MODR_ID','',NULL),
('1769578490660','1769578486094','MOD_DTTM','TIMESTAMP','2026-01-28 14:34:50','2026-01-28 14:34:50','MOD_DTTM','',NULL),
('1769582712793','1769582604918','SEQ','INTEGER','2026-01-28 15:45:12','2026-01-28 15:45:12','SEQ','',NULL),
('1769582712796','1769582604918','TITLE','VARCHAR','2026-01-28 15:45:12','2026-01-28 15:45:12','TITLE','',NULL),
('1769582712799','1769582604918','CONTENT','TEXT','2026-01-28 15:45:12','2026-01-28 15:45:12','CONTENT','',NULL),
('1769582712801','1769582604918','REG_DATE','DATETIME','2026-01-28 15:45:12','2026-01-28 15:45:12','REG_DATE','',NULL),
('1769582712804','1769582604918','DUMMY1','VARCHAR','2026-01-28 15:45:12','2026-01-28 15:45:12','DUMMY1','',NULL),
('1769582712808','1769582604918','DUMMY2','VARCHAR','2026-01-28 15:45:12','2026-01-28 15:45:12','DUMMY2','',NULL),
('1769587699406','1769587694637','SEQ','INTEGER','2026-01-28 17:08:19','2026-01-28 17:08:19','SEQ','',NULL),
('1769587699407','1769587694637','TITLE','VARCHAR','2026-01-28 17:08:19','2026-01-28 17:08:19','TITLE','',NULL),
('1769587699411','1769587694637','CONTENT','TEXT','2026-01-28 17:08:19','2026-01-28 17:08:19','CONTENT','',NULL),
('1769587699413','1769587694637','REG_DATE','DATETIME','2026-01-28 17:08:19','2026-01-28 17:08:19','REG_DATE','',NULL),
('1769587699415','1769587694637','DUMMY1','VARCHAR','2026-01-28 17:08:19','2026-01-28 17:08:19','DUMMY1','',NULL),
('1769677301333','1769673071839','SYS_ID','VARCHAR','2026-01-29 18:01:41','2026-01-29 18:01:41','SYS_ID','',NULL),
('1769677301338','1769673071839','ATT_ID','VARCHAR','2026-01-29 18:01:41','2026-01-29 18:01:41','ATT_ID','',NULL),
('1769677301342','1769673071839','GRP_CD','VARCHAR','2026-01-29 18:01:41','2026-01-29 18:01:41','GRP_CD','',NULL),
('1769677301346','1769673071839','ORGN_FILE_NM','VARCHAR','2026-01-29 18:01:41','2026-01-29 18:01:41','ORGN_FILE_NM','',NULL),
('1769677301349','1769673071839','ATT_FILE_NM','VARCHAR','2026-01-29 18:01:41','2026-01-29 18:01:41','ATT_FILE_NM','',NULL),
('1769677301353','1769673071839','ATT_FILE_PATH','VARCHAR','2026-01-29 18:01:41','2026-01-29 18:01:41','ATT_FILE_PATH','',NULL),
('1769677301356','1769673071839','ATT_FILE_SIZ','INTEGER','2026-01-29 18:01:41','2026-01-29 18:01:41','ATT_FILE_SIZ','',NULL),
('1769677301361','1769673071839','SORT_ORD','INTEGER','2026-01-29 18:01:41','2026-01-29 18:01:41','SORT_ORD','',NULL),
('1769677301364','1769673071839','REM','VARCHAR','2026-01-29 18:01:41','2026-01-29 18:01:41','REM','',NULL),
('1769677301368','1769673071839','STS','VARCHAR','2026-01-29 18:01:41','2026-01-29 18:01:41','STS','',NULL),
('1769677301372','1769673071839','REG_ID','VARCHAR','2026-01-29 18:01:41','2026-01-29 18:01:41','REG_ID','',NULL),
('1769677301376','1769673071839','REG_DT','TIMESTAMP','2026-01-29 18:01:41','2026-01-29 18:01:41','REG_DT','',NULL),
('1769677301380','1769673071839','MOD_ID','VARCHAR','2026-01-29 18:01:41','2026-01-29 18:01:41','MOD_ID','',NULL),
('1769677301384','1769673071839','MOD_DT','TIMESTAMP','2026-01-29 18:01:41','2026-01-29 18:01:41','MOD_DT','',NULL),
('IS-8c8o87mjo','IS-8c8o86hg3','TEN_ID','VARCHAR','2026-01-30 16:35:12','2026-01-30 16:35:18','TEN_ID','',NULL),
('IS-8c8o87mk2','IS-8c8o86hg3','MULTLANG_CCD','VARCHAR','2026-01-30 16:35:12','2026-01-30 16:35:18','MULTLANG_CCD','',NULL),
('IS-8c8o87mk4','IS-8c8o86hg3','MULTLANG_KEY','VARCHAR','2026-01-30 16:35:12','2026-01-30 16:35:18','MULTLANG_KEY','',NULL),
('IS-8c8o87mk7','IS-8c8o86hg3','MULTLANG_TRANSL_CONT','VARCHAR','2026-01-30 16:35:12','2026-01-30 16:35:18','MULTLANG_TRANSL_CONT','',NULL),
('IS-8c8o87mka','IS-8c8o86hg3','MULTLANG_MOD_DTTM','TIMESTAMP','2026-01-30 16:35:12','2026-01-30 16:35:18','MULTLANG_MOD_DTTM','',NULL),
('IS-8c8o87mkc','IS-8c8o86hg3','MENU_CD','VARCHAR','2026-01-30 16:35:12','2026-01-30 16:35:18','MENU_CD','',NULL),
('IS-8c8o87mkd','IS-8c8o86hg3','MODL_NM','VARCHAR','2026-01-30 16:35:12','2026-01-30 16:35:18','MODL_NM','',NULL),
('IS-8c8o87mkf','IS-8c8o86hg3','ELEMT_NM','VARCHAR','2026-01-30 16:35:12','2026-01-30 16:35:18','ELEMT_NM','',NULL),
('IS-8c8o87mkh','IS-8c8o86hg3','RMK','VARCHAR','2026-01-30 16:35:12','2026-01-30 16:35:18','RMK','',NULL),
('IS-8c8o87mkl','IS-8c8o86hg3','STS','VARCHAR','2026-01-30 16:35:12','2026-01-30 16:35:18','STS','',NULL),
('IS-8c8o87mkn','IS-8c8o86hg3','REGR_ID','VARCHAR','2026-01-30 16:35:12','2026-01-30 16:35:18','REGR_ID','',NULL),
('IS-8c8o87mkp','IS-8c8o86hg3','REG_DTTM','TIMESTAMP','2026-01-30 16:35:12','2026-01-30 16:35:18','REG_DTTM','',NULL),
('IS-8c8o87ml1','IS-8c8o86hg3','MODR_ID','VARCHAR','2026-01-30 16:35:12','2026-01-30 16:35:18','MODR_ID','',NULL),
('IS-8c8o87ml3','IS-8c8o86hg3','MOD_DTTM','TIMESTAMP','2026-01-30 16:35:12','2026-01-30 16:35:18','MOD_DTTM','',NULL),
('IS-8c9jhfdfa','IS-8c9jh95h0','SYS_ID','VARCHAR','2026-02-02 15:04:28','2026-02-03 09:31:19','SYS_ID','',NULL),
('IS-8c9jhfdfc','IS-8c9jh95h0','ATT_ID','VARCHAR','2026-02-02 15:04:28','2026-02-03 09:31:19','ATT_ID','',NULL),
('IS-8c9jhfdfe','IS-8c9jh95h0','GRP_CD','VARCHAR','2026-02-02 15:04:28','2026-02-03 09:31:19','GRP_CD','',NULL),
('IS-8c9jhfdfg','IS-8c9jh95h0','ORGN_FILE_NM','VARCHAR','2026-02-02 15:04:28','2026-02-03 09:31:19','ORGN_FILE_NM','',NULL),
('IS-8c9jhfdfi','IS-8c9jh95h0','ATT_FILE_NM','VARCHAR','2026-02-02 15:04:28','2026-02-03 09:31:19','ATT_FILE_NM','',NULL),
('IS-8c9jhfdfp','IS-8c9jh95h0','ATT_FILE_PATH','VARCHAR','2026-02-02 15:04:28','2026-02-03 09:31:19','ATT_FILE_PATH','',NULL),
('IS-8c9jhfdg0','IS-8c9jh95h0','ATT_FILE_SIZ','INTEGER','2026-02-02 15:04:28','2026-02-03 09:31:19','ATT_FILE_SIZ','',NULL),
('IS-8c9jhfdg3','IS-8c9jh95h0','SORT_ORD','INTEGER','2026-02-02 15:04:28','2026-02-03 09:31:19','SORT_ORD','',NULL),
('IS-8c9jhfdg5','IS-8c9jh95h0','REM','VARCHAR','2026-02-02 15:04:28','2026-02-03 09:31:19','REM','',NULL),
('IS-8c9jhfdg6','IS-8c9jh95h0','STS','VARCHAR','2026-02-02 15:04:28','2026-02-03 09:31:19','STS','',NULL),
('IS-8c9jhfdg9','IS-8c9jh95h0','REG_ID','VARCHAR','2026-02-02 15:04:28','2026-02-03 09:31:19','REG_ID','',NULL),
('IS-8c9jhfdgc','IS-8c9jh95h0','REG_DT','TIMESTAMP','2026-02-02 15:04:28','2026-02-03 09:31:19','REG_DT','',NULL),
('IS-8c9jhfdgd','IS-8c9jh95h0','MOD_ID','VARCHAR','2026-02-02 15:04:28','2026-02-03 09:31:19','MOD_ID','',NULL),
('IS-8c9jhfdgg','IS-8c9jh95h0','MOD_DT','TIMESTAMP','2026-02-02 15:04:28','2026-02-03 09:31:19','MOD_DT','',NULL),
('IS-ml5upt8u','IS-8c9jh0n1c','SYS_ID','VARCHAR','2026-02-03 09:19:22','2026-02-03 09:19:29','SYS_ID','',NULL),
('IS-ml5upt8y','IS-8c9jh0n1c','ATT_ID','VARCHAR','2026-02-03 09:19:22','2026-02-03 09:19:29','ATT_ID','',NULL),
('IS-ml5upt91','IS-8c9jh0n1c','GRP_CD','VARCHAR','2026-02-03 09:19:22','2026-02-03 09:19:29','GRP_CD','',NULL),
('IS-ml5upt93','IS-8c9jh0n1c','ORGN_FILE_NM','VARCHAR','2026-02-03 09:19:22','2026-02-03 09:19:29','ORGN_FILE_NM','',NULL),
('IS-ml5upt97','IS-8c9jh0n1c','ATT_FILE_NM','VARCHAR','2026-02-03 09:19:22','2026-02-03 09:19:29','ATT_FILE_NM','',NULL),
('IS-ml5upt99','IS-8c9jh0n1c','ATT_FILE_PATH','VARCHAR','2026-02-03 09:19:22','2026-02-03 09:19:29','ATT_FILE_PATH','',NULL),
('IS-ml5upt9c','IS-8c9jh0n1c','ATT_FILE_SIZ','INTEGER','2026-02-03 09:19:22','2026-02-03 09:19:29','ATT_FILE_SIZ','',NULL),
('IS-ml5upt9e','IS-8c9jh0n1c','SORT_ORD','INTEGER','2026-02-03 09:19:22','2026-02-03 09:19:29','SORT_ORD','',NULL),
('IS-ml5upt9g','IS-8c9jh0n1c','REM','VARCHAR','2026-02-03 09:19:22','2026-02-03 09:19:29','REM','',NULL),
('IS-ml5upt9j','IS-8c9jh0n1c','STS','VARCHAR','2026-02-03 09:19:22','2026-02-03 09:19:29','STS','',NULL),
('IS-ml5upt9k','IS-8c9jh0n1c','REG_ID','VARCHAR','2026-02-03 09:19:22','2026-02-03 09:19:29','REG_ID','',NULL),
('IS-ml5upt9n','IS-8c9jh0n1c','REG_DT','TIMESTAMP','2026-02-03 09:19:22','2026-02-03 09:19:29','REG_DT','',NULL),
('IS-ml5upt9p','IS-8c9jh0n1c','MOD_ID','VARCHAR','2026-02-03 09:19:22','2026-02-03 09:19:29','MOD_ID','',NULL),
('IS-ml5upt9s','IS-8c9jh0n1c','MOD_DT','TIMESTAMP','2026-02-03 09:19:22','2026-02-03 09:19:29','MOD_DT','',NULL);
/*!40000 ALTER TABLE `zxxmig_insert_column` ENABLE KEYS */;
UNLOCK TABLES;

--
-- Table structure for table `zxxmig_insert_sql`
--

DROP TABLE IF EXISTS `zxxmig_insert_sql`;
/*!40101 SET @saved_cs_client     = @@character_set_client */;
/*!40101 SET character_set_client = utf8mb4 */;
CREATE TABLE `zxxmig_insert_sql` (
  `insert_sql_seq` varchar(20) NOT NULL COMMENT '이관 Target sql PK',
  `mig_list_seq` varchar(20) DEFAULT NULL COMMENT '이관 목록 (FK)',
  `insert_type` varchar(20) DEFAULT NULL COMMENT '이관 Type (insert, update, delete)',
  `insert_table` varchar(200) DEFAULT NULL COMMENT 'sql',
  `create_date` datetime DEFAULT NULL COMMENT '등록일',
  `update_date` datetime DEFAULT NULL COMMENT '수정일',
  `pk_column` varchar(200) DEFAULT NULL,
  `truncate_yn` varchar(1) DEFAULT NULL,
  `ordering` int(11) DEFAULT 0,
  PRIMARY KEY (`insert_sql_seq`),
  KEY `FK_MIG_LIST_INSERT_idx` (`mig_list_seq`),
  CONSTRAINT `FK_MIG_LIST_INSERT` FOREIGN KEY (`mig_list_seq`) REFERENCES `zxxmig_migration_list` (`mig_list_seq`)
) ENGINE=InnoDB DEFAULT CHARSET=utf8mb3 COLLATE=utf8mb3_uca1400_ai_ci COMMENT='이관 Target sql';
/*!40101 SET character_set_client = @saved_cs_client */;

--
-- Dumping data for table `zxxmig_insert_sql`
--

LOCK TABLES `zxxmig_insert_sql` WRITE;
/*!40000 ALTER TABLE `zxxmig_insert_sql` DISABLE KEYS */;
INSERT INTO `zxxmig_insert_sql` VALUES
('1769555647068','1769518215516','INSERT','err_log','2026-01-28 08:14:07','2026-01-28 14:17:20','','Y',0),
('1769578270736','1769578264264','INSERT','dtlcd_multlang','2026-01-28 14:31:10','2026-01-28 14:31:13','','Y',0),
('1769578311621','1769578306540','INSERT','eml_snd_histrec','2026-01-28 14:31:51','2026-01-28 14:31:57','','Y',0),
('1769578359871','1769578355376','INSERT','item_oorg','2026-01-28 14:32:39','2026-01-28 14:32:42','','Y',0),
('1769578396525','1769578392527','INSERT','multlang','2026-01-28 14:33:16','2026-01-28 14:33:19','','Y',0),
('1769578426677','1769578422571','INSERT','multlang_coll','2026-01-28 14:33:46','2026-01-28 14:33:49','','Y',0),
('1769578486094','1769578467541','INSERT','wrkgday','2026-01-28 14:34:46','2026-01-28 14:34:49','','Y',0),
('1769582604918','1769581775928','INSERT','mig_test_big','2026-01-28 15:43:24','2026-01-28 15:43:27','','Y',0),
('1769587694637','1769587690273','INSERT','mig_test_big','2026-01-28 17:08:14','2026-01-28 17:32:26','seq','Y',0),
('1769673071839','1769673055679','INSERT','esaatth','2026-01-29 16:51:11','2026-01-30 13:42:01','sys_id, att_id','Y',0),
('53M_SQL_001','53M_LIST_001','INSERT','srm10dp.esaatth',NULL,NULL,'mig_pk','Y',1),
('IS-8c8o86hg3','ML-8c8o8606o','INSERT','multlang_coll','2026-01-30 16:34:51','2026-01-30 16:34:54','','Y',0),
('IS-8c9jh0n1c','ML-8c9jgpb91','INSERT','esaatth_0203','2026-02-02 15:00:11','2026-02-03 09:18:27','sys_id, att_id','Y',0),
('IS-8c9jh95h0','ML-8c9jh8j7f','INSERT','esaatth1','2026-02-02 15:02:37','2026-02-03 09:31:17','sys_id, att_id','Y',0);
/*!40000 ALTER TABLE `zxxmig_insert_sql` ENABLE KEYS */;
UNLOCK TABLES;

--
-- Table structure for table `zxxmig_insert_table`
--

DROP TABLE IF EXISTS `zxxmig_insert_table`;
/*!40101 SET @saved_cs_client     = @@character_set_client */;
/*!40101 SET character_set_client = utf8mb4 */;
CREATE TABLE `zxxmig_insert_table` (
  `insert_table_seq` varchar(20) NOT NULL COMMENT 'PK',
  `source_table` varchar(45) DEFAULT NULL COMMENT 'source 테이블',
  `source_pk` varchar(45) DEFAULT NULL COMMENT 'source 테이블 PK 컬럼명',
  `target_table` varchar(45) DEFAULT NULL COMMENT 'target 테이블',
  `create_date` datetime DEFAULT NULL COMMENT '등록일',
  `update_date` datetime DEFAULT NULL COMMENT '수정일',
  `mig_list_seq` varchar(20) DEFAULT NULL COMMENT 'migration List seq (FK)',
  `truncate_yn` varchar(1) DEFAULT NULL,
  PRIMARY KEY (`insert_table_seq`),
  KEY `FK_insert_table_idx` (`mig_list_seq`),
  CONSTRAINT `FK_insert_table` FOREIGN KEY (`mig_list_seq`) REFERENCES `zxxmig_migration_list` (`mig_list_seq`)
) ENGINE=InnoDB DEFAULT CHARSET=utf8mb3 COLLATE=utf8mb3_uca1400_ai_ci COMMENT='테이블 단위 Insert 목록';
/*!40101 SET character_set_client = @saved_cs_client */;

--
-- Dumping data for table `zxxmig_insert_table`
--

LOCK TABLES `zxxmig_insert_table` WRITE;
/*!40000 ALTER TABLE `zxxmig_insert_table` DISABLE KEYS */;
/*!40000 ALTER TABLE `zxxmig_insert_table` ENABLE KEYS */;
UNLOCK TABLES;

--
-- Table structure for table `zxxmig_migration_list`
--

DROP TABLE IF EXISTS `zxxmig_migration_list`;
/*!40101 SET @saved_cs_client     = @@character_set_client */;
/*!40101 SET character_set_client = utf8mb4 */;
CREATE TABLE `zxxmig_migration_list` (
  `mig_list_seq` varchar(20) NOT NULL COMMENT '이관 목록 PK',
  `mig_master` varchar(20) DEFAULT NULL COMMENT '이관 Master (FK)',
  `thread_use_yn` varchar(1) DEFAULT NULL COMMENT 'Thread 사용 여부',
  `thread_count` int(11) DEFAULT NULL COMMENT 'Thread 개수',
  `page_count_per_thread` int(11) DEFAULT NULL COMMENT 'Thread 당 처리 개수',
  `sql_string` text DEFAULT NULL COMMENT 'select sql',
  `ordering` int(11) DEFAULT NULL COMMENT '정렬',
  `create_date` datetime DEFAULT NULL COMMENT '등록일',
  `update_date` datetime DEFAULT NULL COMMENT '수정일',
  `execute_yn` varchar(1) DEFAULT NULL COMMENT '실행 여부 (일괄실해에서 제외)',
  `mig_name` varchar(200) DEFAULT NULL COMMENT '이관명',
  `mig_type` varchar(20) DEFAULT NULL COMMENT '이관 유형\n(TABLE TO TABLE), 단순 select insert,,,,등 여러가지를 생각해서 유형을 만들어야 함',
  `source_db_alias` varchar(20) DEFAULT NULL COMMENT '소스 DB',
  `target_db_alias` varchar(20) DEFAULT NULL COMMENT 'Target DB',
  `display_yn` varchar(1) DEFAULT NULL,
  PRIMARY KEY (`mig_list_seq`),
  KEY `FK_MIG_LIST_MIG_MASTER_idx` (`mig_master`),
  CONSTRAINT `FK_MIG_LIST_MIG_MASTER` FOREIGN KEY (`mig_master`) REFERENCES `zxxmig_migration_master` (`master_code`)
) ENGINE=InnoDB DEFAULT CHARSET=utf8mb3 COLLATE=utf8mb3_uca1400_ai_ci;
/*!40101 SET character_set_client = @saved_cs_client */;

--
-- Dumping data for table `zxxmig_migration_list`
--

LOCK TABLES `zxxmig_migration_list` WRITE;
/*!40000 ALTER TABLE `zxxmig_migration_list` DISABLE KEYS */;
INSERT INTO `zxxmig_migration_list` VALUES
('1769518215516','1769516334303','N',10,10000,'select * from srm10dp.err_log',10,'2026-01-27 21:50:15','2026-01-28 09:57:52','Y','err_log','NORMAL','SC_DB','TG_DB','Y'),
('1769578264264','1769516334303','N',10,10000,'select * from srm10dp.dtlcd_multlang',20,'2026-01-28 14:31:04','2026-01-28 14:31:04','Y','dtlcd_multlang','NORMAL','SC_DB','TG_DB','Y'),
('1769578306540','1769516334303','N',10,10000,'select * from srm10dp.eml_snd_histrec',30,'2026-01-28 14:31:46','2026-01-28 14:31:46','Y','eml_snd_histrec','NORMAL','SC_DB','TG_DB','Y'),
('1769578355376','1769516334303','N',10,10000,'select * from srm10dp.item_oorg',40,'2026-01-28 14:32:35','2026-01-28 14:32:35','Y','item_oorg','NORMAL','SC_DB','TG_DB','Y'),
('1769578392527','1769516334303','N',10,10000,'select * from srm10dp.multlang',50,'2026-01-28 14:33:12','2026-01-28 14:33:12','Y','multlang','NORMAL','SC_DB','TG_DB','Y'),
('1769578422571','1769516334303','N',10,10000,'select * from srm10dp.multlang_coll',60,'2026-01-28 14:33:42','2026-01-28 14:33:42','Y','multlang_coll','NORMAL','SC_DB','TG_DB','Y'),
('1769578467541','1769516334303','N',10,10000,'select * from srm10dp.wrkgday',70,'2026-01-28 14:34:27','2026-01-28 15:40:29','Y','wrkgday','NORMAL','SC_DB','TG_DB','Y'),
('1769581775928','1769516334303','Y',10,10000,'select * From mig_test_big',80,'2026-01-28 15:29:35','2026-01-28 15:43:06','Y','mig_test_big','THREAD','SM_DB','TG_DB','Y'),
('1769587690273','1769516334303','N',10,10000,'select * From mig_test_big',90,'2026-01-28 17:08:10','2026-01-28 17:32:37','Y','mig_test_big','THREAD_IDX','SM_DB','TG_DB','Y'),
('1769673055679','1769516334303','Y',20,10000,'SELECT * FROM srm10dp.esaatth',100,'2026-01-29 16:50:55','2026-01-30 14:36:01','Y','esaatth','THREAD_IDX','SC_DB','TG_DB','Y'),
('53M_LIST_001','mig_test_53m','Y',10,10000,'SELECT hashtext(sys_id) as mig_pk, t.* FROM srm10dp.esaatth t',1,NULL,NULL,'Y','SRM Attachment Migration','THREAD_IDX',NULL,NULL,'Y'),
('ML-8c8o8606o','MM-8c8o827dh','N',10,10000,'select * from srm10dp.multlang_coll',10,'2026-01-30 16:34:39','2026-02-02 10:15:46','Y','multlang_coll','NORMAL','SC_DB','TG_DB','Y'),
('ML-8c9i47khf',NULL,NULL,0,0,NULL,0,'2026-02-02 10:05:10','2026-02-02 10:05:10',NULL,NULL,NULL,NULL,NULL,NULL),
('ML-8c9jg1mdc','MM-8c8o827dh','Y',10,10000,'SELECT * FROM srm10dp.esaatth',20,'2026-02-02 14:52:51','2026-02-02 14:52:51','Y','esaatth','THREAD_MULTI','','','Y'),
('ML-8c9jgd7eo','MM-8c8o827dh','Y',10,10000,'SELECT * FROM srm10dp.esaatth',30,'2026-02-02 14:56:12','2026-02-02 14:56:12','Y','SELECT * FROM srm10dp.esaatth','THREAD_MULTI','','','Y'),
('ML-8c9jgpb91','MM-8c8o827dh','Y',10,10000,'select * from srm10dp.esaatth_0203',40,'2026-02-02 14:59:45','2026-02-03 09:18:13','Y','esaatth_0203','THREAD_IDX','SC_DB','TG_DB','Y'),
('ML-8c9jh8j7f','MM-8c8o827dh','Y',20,20000,'select * from srm10dp.esaatth',50,'2026-02-02 15:02:29','2026-02-03 09:32:30','Y','esaatth1','THREAD_IDX','SC_DB','TG_DB','Y');
/*!40000 ALTER TABLE `zxxmig_migration_list` ENABLE KEYS */;
UNLOCK TABLES;

--
-- Table structure for table `zxxmig_migration_master`
--

DROP TABLE IF EXISTS `zxxmig_migration_master`;
/*!40101 SET @saved_cs_client     = @@character_set_client */;
/*!40101 SET character_set_client = utf8mb4 */;
CREATE TABLE `zxxmig_migration_master` (
  `master_code` varchar(20) NOT NULL COMMENT '이관 Master 코드 (PK)',
  `source_db_type` varchar(20) DEFAULT NULL COMMENT '소스 DB Type (Oracle, MSsql, Mysql 등 코드값)',
  `source_charset` varchar(20) DEFAULT NULL COMMENT '소스의 캐릭터셋',
  `target_charset` varchar(20) DEFAULT NULL COMMENT '타겟의 캐릭터셋',
  `target_db_type` varchar(20) DEFAULT NULL COMMENT '타겟 db 종류 (Oracle, MSsql, ...) 코드값',
  `source_db_alias` varchar(20) DEFAULT NULL COMMENT 'source pool alias',
  `target_db_alias` varchar(20) DEFAULT NULL COMMENT 'target pool alias',
  `create_date` datetime DEFAULT NULL COMMENT '등록일',
  `update_date` datetime DEFAULT NULL COMMENT '수정일',
  `master_name` varchar(200) DEFAULT NULL COMMENT '이관명',
  `display_yn` varchar(1) DEFAULT NULL,
  `ordering` int(11) DEFAULT NULL,
  PRIMARY KEY (`master_code`)
) ENGINE=InnoDB DEFAULT CHARSET=utf8mb3 COLLATE=utf8mb3_uca1400_ai_ci COMMENT='이관 Master';
/*!40101 SET character_set_client = @saved_cs_client */;

--
-- Dumping data for table `zxxmig_migration_master`
--

LOCK TABLES `zxxmig_migration_master` WRITE;
/*!40000 ALTER TABLE `zxxmig_migration_master` DISABLE KEYS */;
INSERT INTO `zxxmig_migration_master` VALUES
('1769516334303',NULL,NULL,NULL,NULL,NULL,NULL,'2026-01-27 21:18:54','2026-01-27 21:18:54','이재석 TEST','Y',10),
('mig_test_53m',NULL,NULL,NULL,NULL,'SOURCE','TARGET',NULL,NULL,'53M Data Migration',NULL,NULL),
('MM-8c8o827dh',NULL,NULL,NULL,NULL,NULL,NULL,'2026-01-30 16:33:33','2026-01-30 16:33:33','이재석 TEST2','Y',20);
/*!40000 ALTER TABLE `zxxmig_migration_master` ENABLE KEYS */;
UNLOCK TABLES;

--
-- Table structure for table `zxxmig_result_hd`
--

DROP TABLE IF EXISTS `zxxmig_result_hd`;
/*!40101 SET @saved_cs_client     = @@character_set_client */;
/*!40101 SET character_set_client = utf8mb4 */;
CREATE TABLE `zxxmig_result_hd` (
  `RESULT_HD_SEQ` varchar(20) CHARACTER SET utf8mb3 COLLATE utf8mb3_general_ci NOT NULL COMMENT 'PK',
  `MIG_LIST_SEQ` varchar(20) CHARACTER SET utf8mb3 COLLATE utf8mb3_general_ci DEFAULT NULL COMMENT 'MIG_LIST_SEQ FK',
  `MIG_NAME` varchar(200) CHARACTER SET utf8mb3 COLLATE utf8mb3_general_ci DEFAULT NULL COMMENT '이관명',
  `SELECT_COUNT` int(11) DEFAULT NULL COMMENT '조회수',
  `INSERT_COUNT` int(11) DEFAULT NULL COMMENT '입력수',
  `ERROR_COUNT` int(11) DEFAULT NULL COMMENT '에러수',
  `CREATE_DATE` datetime DEFAULT NULL COMMENT '생성일',
  `UPDATE_DATE` datetime DEFAULT NULL COMMENT '수정일',
  PRIMARY KEY (`RESULT_HD_SEQ`)
) ENGINE=InnoDB DEFAULT CHARSET=utf8mb3 COLLATE=utf8mb3_uca1400_ai_ci COMMENT='이관 결과';
/*!40101 SET character_set_client = @saved_cs_client */;

--
-- Dumping data for table `zxxmig_result_hd`
--

LOCK TABLES `zxxmig_result_hd` WRITE;
/*!40000 ALTER TABLE `zxxmig_result_hd` DISABLE KEYS */;
/*!40000 ALTER TABLE `zxxmig_result_hd` ENABLE KEYS */;
UNLOCK TABLES;

--
-- Table structure for table `zxxmig_select_column`
--

DROP TABLE IF EXISTS `zxxmig_select_column`;
/*!40101 SET @saved_cs_client     = @@character_set_client */;
/*!40101 SET character_set_client = utf8mb4 */;
CREATE TABLE `zxxmig_select_column` (
  `column_seq` varchar(20) NOT NULL COMMENT 'PK',
  `mig_list_seq` varchar(20) DEFAULT NULL COMMENT '이관 목록 (FK)',
  `column_name` varchar(20) DEFAULT NULL COMMENT '컬럼명',
  `column_type` varchar(50) DEFAULT NULL COMMENT '컬럼 Type',
  `create_date` datetime DEFAULT NULL COMMENT '등록일',
  `update_date` datetime DEFAULT NULL COMMENT '수정일',
  `ordering` int(11) DEFAULT NULL COMMENT '정렬',
  PRIMARY KEY (`column_seq`),
  KEY `FK_MIG_LIST_idx` (`mig_list_seq`),
  CONSTRAINT `FK_MIG_LIST` FOREIGN KEY (`mig_list_seq`) REFERENCES `zxxmig_migration_list` (`mig_list_seq`)
) ENGINE=InnoDB DEFAULT CHARSET=utf8mb3 COLLATE=utf8mb3_uca1400_ai_ci COMMENT='이관 select column';
/*!40101 SET character_set_client = @saved_cs_client */;

--
-- Dumping data for table `zxxmig_select_column`
--

LOCK TABLES `zxxmig_select_column` WRITE;
/*!40000 ALTER TABLE `zxxmig_select_column` DISABLE KEYS */;
INSERT INTO `zxxmig_select_column` VALUES
('1769561879622','1769518215516','ERR_UUID','varchar','2026-01-28 09:57:59','2026-01-28 09:57:59',10),
('1769561879666','1769518215516','TEN_ID','varchar','2026-01-28 09:57:59','2026-01-28 09:57:59',20),
('1769561879674','1769518215516','MENU_CD','varchar','2026-01-28 09:57:59','2026-01-28 09:57:59',30),
('1769561879683','1769518215516','SVR_IP','varchar','2026-01-28 09:57:59','2026-01-28 09:57:59',40),
('1769561879695','1769518215516','SESS_ID','varchar','2026-01-28 09:57:59','2026-01-28 09:57:59',50),
('1769561879721','1769518215516','EXEC_UUID','varchar','2026-01-28 09:57:59','2026-01-28 09:57:59',60),
('1769561879745','1769518215516','ERR_OCCR_TYP','varchar','2026-01-28 09:57:59','2026-01-28 09:57:59',70),
('1769561879777','1769518215516','ERR_OCCR_SRC_PATH','varchar','2026-01-28 09:57:59','2026-01-28 09:57:59',80),
('1769561879817','1769518215516','ERR_COL_NO','varchar','2026-01-28 09:57:59','2026-01-28 09:57:59',90),
('1769561879837','1769518215516','ERR_LN_NO','varchar','2026-01-28 09:57:59','2026-01-28 09:57:59',100),
('1769561879850','1769518215516','SYS_ERR_MSG','varchar','2026-01-28 09:57:59','2026-01-28 09:57:59',110),
('1769561879868','1769518215516','STK_TRCE_CONT','text','2026-01-28 09:57:59','2026-01-28 09:57:59',120),
('1769561879888','1769518215516','IMG_ATH_UUID','varchar','2026-01-28 09:57:59','2026-01-28 09:57:59',130),
('1769561879905','1769518215516','ERR_OCCR_DTTM','timestamp','2026-01-28 09:57:59','2026-01-28 09:57:59',140),
('1769561879921','1769518215516','USR_ID','varchar','2026-01-28 09:57:59','2026-01-28 09:57:59',150),
('1769561879936','1769518215516','USR_WEBBR_KIND','varchar','2026-01-28 09:57:59','2026-01-28 09:57:59',160),
('1769561879951','1769518215516','USR_ERR_MSG','varchar','2026-01-28 09:57:59','2026-01-28 09:57:59',170),
('1769561879960','1769518215516','USR_EXEC_HISTREC','text','2026-01-28 09:57:59','2026-01-28 09:57:59',180),
('1769561879968','1769518215516','CLASS_NM','varchar','2026-01-28 09:57:59','2026-01-28 09:57:59',190),
('1769561879976','1769518215516','METH_NM','varchar','2026-01-28 09:57:59','2026-01-28 09:57:59',200),
('1769561879987','1769518215516','RMK','varchar','2026-01-28 09:57:59','2026-01-28 09:57:59',210),
('1769561880001','1769518215516','STS','bpchar','2026-01-28 09:58:00','2026-01-28 09:58:00',220),
('1769561880010','1769518215516','REGR_ID','varchar','2026-01-28 09:58:00','2026-01-28 09:58:00',230),
('1769561880024','1769518215516','REG_DTTM','timestamp','2026-01-28 09:58:00','2026-01-28 09:58:00',240),
('1769561880047','1769518215516','MODR_ID','varchar','2026-01-28 09:58:00','2026-01-28 09:58:00',250),
('1769561880065','1769518215516','MOD_DTTM','timestamp','2026-01-28 09:58:00','2026-01-28 09:58:00',260),
('1769578266505','1769578264264','TEN_ID','varchar','2026-01-28 14:31:06','2026-01-28 14:31:06',10),
('1769578266530','1769578264264','CCD','varchar','2026-01-28 14:31:06','2026-01-28 14:31:06',20),
('1769578266533','1769578264264','DTLCD','varchar','2026-01-28 14:31:06','2026-01-28 14:31:06',30),
('1769578266536','1769578264264','LANG_CCD','varchar','2026-01-28 14:31:06','2026-01-28 14:31:06',40),
('1769578266540','1769578264264','DTLCD_NM','varchar','2026-01-28 14:31:06','2026-01-28 14:31:06',50),
('1769578266545','1769578264264','RMK','varchar','2026-01-28 14:31:06','2026-01-28 14:31:06',60),
('1769578266548','1769578264264','STS','bpchar','2026-01-28 14:31:06','2026-01-28 14:31:06',70),
('1769578266552','1769578264264','REGR_ID','varchar','2026-01-28 14:31:06','2026-01-28 14:31:06',80),
('1769578266558','1769578264264','REG_DTTM','timestamp','2026-01-28 14:31:06','2026-01-28 14:31:06',90),
('1769578266562','1769578264264','MODR_ID','varchar','2026-01-28 14:31:06','2026-01-28 14:31:06',100),
('1769578266567','1769578264264','MOD_DTTM','timestamp','2026-01-28 14:31:06','2026-01-28 14:31:06',110),
('1769578308260','1769578306540','TEN_ID','varchar','2026-01-28 14:31:48','2026-01-28 14:31:48',10),
('1769578308274','1769578306540','EML_SND_UUID','varchar','2026-01-28 14:31:48','2026-01-28 14:31:48',20),
('1769578308277','1769578306540','EML_TMPL_CD','varchar','2026-01-28 14:31:48','2026-01-28 14:31:48',30),
('1769578308281','1769578306540','EML_TIT','varchar','2026-01-28 14:31:48','2026-01-28 14:31:48',40),
('1769578308284','1769578306540','EML_CONT','text','2026-01-28 14:31:48','2026-01-28 14:31:48',50),
('1769578308291','1769578306540','SNDR_EML','varchar','2026-01-28 14:31:48','2026-01-28 14:31:48',60),
('1769578308295','1769578306540','SNDR_NM','varchar','2026-01-28 14:31:48','2026-01-28 14:31:48',70),
('1769578308299','1769578306540','RCPNT_EML_LIST','text','2026-01-28 14:31:48','2026-01-28 14:31:48',80),
('1769578308303','1769578306540','RCPNT_NM_LIST','text','2026-01-28 14:31:48','2026-01-28 14:31:48',90),
('1769578308307','1769578306540','CC_EML_LIST','text','2026-01-28 14:31:48','2026-01-28 14:31:48',100),
('1769578308310','1769578306540','CC_NM_LIST','text','2026-01-28 14:31:48','2026-01-28 14:31:48',110),
('1769578308314','1769578306540','BCC_EML_LIST','text','2026-01-28 14:31:48','2026-01-28 14:31:48',120),
('1769578308318','1769578306540','BCC_NM_LIST','text','2026-01-28 14:31:48','2026-01-28 14:31:48',130),
('1769578308321','1769578306540','ATHG_UUID','varchar','2026-01-28 14:31:48','2026-01-28 14:31:48',140),
('1769578308325','1769578306540','SND_DTTM','timestamp','2026-01-28 14:31:48','2026-01-28 14:31:48',150),
('1769578308328','1769578306540','SND_YN','bpchar','2026-01-28 14:31:48','2026-01-28 14:31:48',160),
('1769578308333','1769578306540','RMK','varchar','2026-01-28 14:31:48','2026-01-28 14:31:48',170),
('1769578308337','1769578306540','STS','bpchar','2026-01-28 14:31:48','2026-01-28 14:31:48',180),
('1769578308340','1769578306540','REGR_ID','varchar','2026-01-28 14:31:48','2026-01-28 14:31:48',190),
('1769578308345','1769578306540','REG_DTTM','timestamp','2026-01-28 14:31:48','2026-01-28 14:31:48',200),
('1769578308348','1769578306540','MODR_ID','varchar','2026-01-28 14:31:48','2026-01-28 14:31:48',210),
('1769578308352','1769578306540','MOD_DTTM','timestamp','2026-01-28 14:31:48','2026-01-28 14:31:48',220),
('1769578308356','1769578306540','RCPNT_ID_LIST','text','2026-01-28 14:31:48','2026-01-28 14:31:48',230),
('1769578308359','1769578306540','CC_ID_LIST','text','2026-01-28 14:31:48','2026-01-28 14:31:48',240),
('1769578308364','1769578306540','BCC_ID_LIST','text','2026-01-28 14:31:48','2026-01-28 14:31:48',250),
('1769578308368','1769578306540','SND_ERR_MSG','text','2026-01-28 14:31:48','2026-01-28 14:31:48',260),
('1769578308371','1769578306540','RCPNT_XCEPT_YN_LIST','text','2026-01-28 14:31:48','2026-01-28 14:31:48',270),
('1769578308375','1769578306540','CC_XCEPT_YN_LIST','text','2026-01-28 14:31:48','2026-01-28 14:31:48',280),
('1769578308380','1769578306540','BCC_XCEPT_YN_LIST','text','2026-01-28 14:31:48','2026-01-28 14:31:48',290),
('1769578356732','1769578355376','TEN_ID','varchar','2026-01-28 14:32:36','2026-01-28 14:32:36',10),
('1769578356753','1769578355376','OORG_CD','varchar','2026-01-28 14:32:36','2026-01-28 14:32:36',20),
('1769578356757','1769578355376','ITEM_CD','varchar','2026-01-28 14:32:36','2026-01-28 14:32:36',30),
('1769578356761','1769578355376','ITEM_LDTM','numeric','2026-01-28 14:32:36','2026-01-28 14:32:36',40),
('1769578356765','1769578355376','SG_CD','varchar','2026-01-28 14:32:36','2026-01-28 14:32:36',50),
('1769578356770','1769578355376','BPA_YN','bpchar','2026-01-28 14:32:36','2026-01-28 14:32:36',60),
('1769578356772','1769578355376','MULT_VD_YN','bpchar','2026-01-28 14:32:36','2026-01-28 14:32:36',70),
('1769578356777','1769578355376','QTA_YN','bpchar','2026-01-28 14:32:36','2026-01-28 14:32:36',80),
('1769578356781','1769578355376','TL_YN','bpchar','2026-01-28 14:32:36','2026-01-28 14:32:36',90),
('1769578356786','1769578355376','RMK','varchar','2026-01-28 14:32:36','2026-01-28 14:32:36',100),
('1769578356789','1769578355376','STS','varchar','2026-01-28 14:32:36','2026-01-28 14:32:36',110),
('1769578356796','1769578355376','REGR_ID','varchar','2026-01-28 14:32:36','2026-01-28 14:32:36',120),
('1769578356800','1769578355376','REG_DTTM','timestamp','2026-01-28 14:32:36','2026-01-28 14:32:36',130),
('1769578356805','1769578355376','MODR_ID','varchar','2026-01-28 14:32:36','2026-01-28 14:32:36',140),
('1769578356808','1769578355376','MOD_DTTM','timestamp','2026-01-28 14:32:36','2026-01-28 14:32:36',150),
('1769578393718','1769578392527','TEN_ID','varchar','2026-01-28 14:33:13','2026-01-28 14:33:13',10),
('1769578393733','1769578392527','MULTLANG_CCD','varchar','2026-01-28 14:33:13','2026-01-28 14:33:13',20),
('1769578393737','1769578392527','MULTLANG_KEY','varchar','2026-01-28 14:33:13','2026-01-28 14:33:13',30),
('1769578393741','1769578392527','MULTLANG_TYP','varchar','2026-01-28 14:33:13','2026-01-28 14:33:13',40),
('1769578393744','1769578392527','MULTLANG_TRANSL_CONT','varchar','2026-01-28 14:33:13','2026-01-28 14:33:13',50),
('1769578393747','1769578392527','MULTLANG_MOD_DTTM','timestamptz','2026-01-28 14:33:13','2026-01-28 14:33:13',60),
('1769578393769','1769578392527','MULTLANG_ABBR_USE_YN','bpchar','2026-01-28 14:33:13','2026-01-28 14:33:13',80),
('1769578393773','1769578392527','RMK','varchar','2026-01-28 14:33:13','2026-01-28 14:33:13',90),
('1769578393776','1769578392527','STS','bpchar','2026-01-28 14:33:13','2026-01-28 14:33:13',100),
('1769578393781','1769578392527','REGR_ID','varchar','2026-01-28 14:33:13','2026-01-28 14:33:13',110),
('1769578393784','1769578392527','REG_DTTM','timestamptz','2026-01-28 14:33:13','2026-01-28 14:33:13',120),
('1769578393787','1769578392527','MODR_ID','varchar','2026-01-28 14:33:13','2026-01-28 14:33:13',130),
('1769578393791','1769578392527','MOD_DTTM','timestamptz','2026-01-28 14:33:13','2026-01-28 14:33:13',140),
('1769578423859','1769578422571','TEN_ID','varchar','2026-01-28 14:33:43','2026-01-28 14:33:43',10),
('1769578423869','1769578422571','MULTLANG_CCD','varchar','2026-01-28 14:33:43','2026-01-28 14:33:43',20),
('1769578423873','1769578422571','MULTLANG_KEY','varchar','2026-01-28 14:33:43','2026-01-28 14:33:43',30),
('1769578423877','1769578422571','MULTLANG_TRANSL_CONT','varchar','2026-01-28 14:33:43','2026-01-28 14:33:43',40),
('1769578423880','1769578422571','MULTLANG_MOD_DTTM','timestamptz','2026-01-28 14:33:43','2026-01-28 14:33:43',50),
('1769578423884','1769578422571','MENU_CD','varchar','2026-01-28 14:33:43','2026-01-28 14:33:43',60),
('1769578423891','1769578422571','MODL_NM','varchar','2026-01-28 14:33:43','2026-01-28 14:33:43',70),
('1769578423894','1769578422571','ELEMT_NM','varchar','2026-01-28 14:33:43','2026-01-28 14:33:43',80),
('1769578423898','1769578422571','RMK','varchar','2026-01-28 14:33:43','2026-01-28 14:33:43',90),
('1769578423902','1769578422571','STS','bpchar','2026-01-28 14:33:43','2026-01-28 14:33:43',100),
('1769578423906','1769578422571','REGR_ID','varchar','2026-01-28 14:33:43','2026-01-28 14:33:43',110),
('1769578423910','1769578422571','REG_DTTM','timestamptz','2026-01-28 14:33:43','2026-01-28 14:33:43',120),
('1769578423913','1769578422571','MODR_ID','varchar','2026-01-28 14:33:43','2026-01-28 14:33:43',130),
('1769578423919','1769578422571','MOD_DTTM','timestamptz','2026-01-28 14:33:43','2026-01-28 14:33:43',140),
('1769578469310','1769578467541','TEN_ID','varchar','2026-01-28 14:34:29','2026-01-28 14:34:29',10),
('1769578469321','1769578467541','CO_CD','varchar','2026-01-28 14:34:29','2026-01-28 14:34:29',20),
('1769578469324','1769578467541','WRKGDAY_DT','date','2026-01-28 14:34:29','2026-01-28 14:34:29',30),
('1769578469328','1769578467541','DOW','varchar','2026-01-28 14:34:29','2026-01-28 14:34:29',40),
('1769578469331','1769578467541','CTRY_HOL_YN','bpchar','2026-01-28 14:34:29','2026-01-28 14:34:29',50),
('1769578469334','1769578467541','CTRY_HOL_RSN','varchar','2026-01-28 14:34:29','2026-01-28 14:34:29',60),
('1769578469337','1769578467541','CO_HOL_YN','bpchar','2026-01-28 14:34:29','2026-01-28 14:34:29',70),
('1769578469341','1769578467541','CO_HOL_RSN','varchar','2026-01-28 14:34:29','2026-01-28 14:34:29',80),
('1769578469346','1769578467541','RMK','varchar','2026-01-28 14:34:29','2026-01-28 14:34:29',90),
('1769578469350','1769578467541','STS','bpchar','2026-01-28 14:34:29','2026-01-28 14:34:29',100),
('1769578469354','1769578467541','REGR_ID','varchar','2026-01-28 14:34:29','2026-01-28 14:34:29',110),
('1769578469357','1769578467541','REG_DTTM','timestamp','2026-01-28 14:34:29','2026-01-28 14:34:29',120),
('1769578469361','1769578467541','MODR_ID','varchar','2026-01-28 14:34:29','2026-01-28 14:34:29',130),
('1769578469365','1769578467541','MOD_DTTM','timestamp','2026-01-28 14:34:29','2026-01-28 14:34:29',140),
('1769582590866','1769581775928','SEQ','INTEGER','2026-01-28 15:43:10','2026-01-28 15:43:10',10),
('1769582590868','1769581775928','TITLE','VARCHAR','2026-01-28 15:43:10','2026-01-28 15:43:10',20),
('1769582590874','1769581775928','CONTENT','TEXT','2026-01-28 15:43:10','2026-01-28 15:43:10',30),
('1769582590876','1769581775928','REG_DATE','DATETIME','2026-01-28 15:43:10','2026-01-28 15:43:10',40),
('1769582590878','1769581775928','DUMMY1','VARCHAR','2026-01-28 15:43:10','2026-01-28 15:43:10',50),
('1769582590881','1769581775928','DUMMY2','VARCHAR','2026-01-28 15:43:10','2026-01-28 15:43:10',60),
('1769588978211','1769587690273','SEQ','INTEGER','2026-01-28 17:29:38','2026-01-28 17:29:38',10),
('1769588978215','1769587690273','TITLE','VARCHAR','2026-01-28 17:29:38','2026-01-28 17:29:38',20),
('1769588978217','1769587690273','CONTENT','TEXT','2026-01-28 17:29:38','2026-01-28 17:29:38',30),
('1769588978219','1769587690273','REG_DATE','DATETIME','2026-01-28 17:29:38','2026-01-28 17:29:38',40),
('1769588978222','1769587690273','DUMMY1','VARCHAR','2026-01-28 17:29:38','2026-01-28 17:29:38',50),
('1769588978224','1769587690273','DUMMY2','VARCHAR','2026-01-28 17:29:38','2026-01-28 17:29:38',60),
('1769677229212','1769673055679','SYS_ID','varchar','2026-01-29 18:00:29','2026-01-29 18:00:29',10),
('1769677229274','1769673055679','ATT_ID','varchar','2026-01-29 18:00:29','2026-01-29 18:00:29',20),
('1769677229293','1769673055679','GRP_CD','varchar','2026-01-29 18:00:29','2026-01-29 18:00:29',30),
('1769677229315','1769673055679','ORGN_FILE_NM','varchar','2026-01-29 18:00:29','2026-01-29 18:00:29',40),
('1769677229336','1769673055679','ATT_FILE_NM','varchar','2026-01-29 18:00:29','2026-01-29 18:00:29',50),
('1769677229372','1769673055679','ATT_FILE_PATH','varchar','2026-01-29 18:00:29','2026-01-29 18:00:29',60),
('1769677229418','1769673055679','ATT_FILE_SIZ','int4','2026-01-29 18:00:29','2026-01-29 18:00:29',70),
('1769677229464','1769673055679','SORT_ORD','int4','2026-01-29 18:00:29','2026-01-29 18:00:29',80),
('1769677229501','1769673055679','REM','varchar','2026-01-29 18:00:29','2026-01-29 18:00:29',90),
('1769677229509','1769673055679','STS','bpchar','2026-01-29 18:00:29','2026-01-29 18:00:29',100),
('1769677229513','1769673055679','REG_ID','varchar','2026-01-29 18:00:29','2026-01-29 18:00:29',110),
('1769677229520','1769673055679','REG_DT','timestamp','2026-01-29 18:00:29','2026-01-29 18:00:29',120),
('1769677229527','1769673055679','MOD_ID','varchar','2026-01-29 18:00:29','2026-01-29 18:00:29',130),
('1769677229532','1769673055679','MOD_DT','timestamp','2026-01-29 18:00:29','2026-01-29 18:00:29',140),
('SC-8c8o867eh','ML-8c8o8606o','TEN_ID','varchar','2026-01-30 16:34:44','2026-01-30 16:34:44',10),
('SC-8c8o867g2','ML-8c8o8606o','MULTLANG_CCD','varchar','2026-01-30 16:34:44','2026-01-30 16:34:44',20),
('SC-8c8o867g4','ML-8c8o8606o','MULTLANG_KEY','varchar','2026-01-30 16:34:44','2026-01-30 16:34:44',30),
('SC-8c8o867g6','ML-8c8o8606o','MULTLANG_TRANSL_CONT','varchar','2026-01-30 16:34:44','2026-01-30 16:34:44',40),
('SC-8c8o867g8','ML-8c8o8606o','MULTLANG_MOD_DTTM','timestamptz','2026-01-30 16:34:44','2026-01-30 16:34:44',50),
('SC-8c8o867ga','ML-8c8o8606o','MENU_CD','varchar','2026-01-30 16:34:44','2026-01-30 16:34:44',60),
('SC-8c8o867gc','ML-8c8o8606o','MODL_NM','varchar','2026-01-30 16:34:44','2026-01-30 16:34:44',70),
('SC-8c8o867ge','ML-8c8o8606o','ELEMT_NM','varchar','2026-01-30 16:34:44','2026-01-30 16:34:44',80),
('SC-8c8o867gg','ML-8c8o8606o','RMK','varchar','2026-01-30 16:34:44','2026-01-30 16:34:44',90),
('SC-8c8o867gj','ML-8c8o8606o','STS','bpchar','2026-01-30 16:34:44','2026-01-30 16:34:44',100),
('SC-8c8o867gn','ML-8c8o8606o','REGR_ID','varchar','2026-01-30 16:34:44','2026-01-30 16:34:44',110),
('SC-8c8o867gp','ML-8c8o8606o','REG_DTTM','timestamptz','2026-01-30 16:34:44','2026-01-30 16:34:44',120),
('SC-8c8o867h1','ML-8c8o8606o','MODR_ID','varchar','2026-01-30 16:34:44','2026-01-30 16:34:44',130),
('SC-8c8o867h3','ML-8c8o8606o','MOD_DTTM','timestamptz','2026-01-30 16:34:44','2026-01-30 16:34:44',140),
('SC-ml5uofpo','ML-8c9jgpb91','SYS_ID','varchar','2026-02-03 09:18:18','2026-02-03 09:18:18',10),
('SC-ml5uofq8','ML-8c9jgpb91','ATT_ID','varchar','2026-02-03 09:18:18','2026-02-03 09:18:18',20),
('SC-ml5uofqb','ML-8c9jgpb91','GRP_CD','varchar','2026-02-03 09:18:18','2026-02-03 09:18:18',30),
('SC-ml5uofqf','ML-8c9jgpb91','ORGN_FILE_NM','varchar','2026-02-03 09:18:18','2026-02-03 09:18:18',40),
('SC-ml5uofqh','ML-8c9jgpb91','ATT_FILE_NM','varchar','2026-02-03 09:18:18','2026-02-03 09:18:18',50),
('SC-ml5uofqk','ML-8c9jgpb91','ATT_FILE_PATH','varchar','2026-02-03 09:18:18','2026-02-03 09:18:18',60),
('SC-ml5uofqn','ML-8c9jgpb91','ATT_FILE_SIZ','int4','2026-02-03 09:18:18','2026-02-03 09:18:18',70),
('SC-ml5uofqq','ML-8c9jgpb91','SORT_ORD','int4','2026-02-03 09:18:18','2026-02-03 09:18:18',80),
('SC-ml5uofqt','ML-8c9jgpb91','REM','varchar','2026-02-03 09:18:18','2026-02-03 09:18:18',90),
('SC-ml5uofqw','ML-8c9jgpb91','STS','bpchar','2026-02-03 09:18:18','2026-02-03 09:18:18',100),
('SC-ml5uofqz','ML-8c9jgpb91','REG_ID','varchar','2026-02-03 09:18:18','2026-02-03 09:18:18',110),
('SC-ml5uofr2','ML-8c9jgpb91','REG_DT','timestamp','2026-02-03 09:18:18','2026-02-03 09:18:18',120),
('SC-ml5uofr6','ML-8c9jgpb91','MOD_ID','varchar','2026-02-03 09:18:18','2026-02-03 09:18:18',130),
('SC-ml5uofr9','ML-8c9jgpb91','MOD_DT','timestamp','2026-02-03 09:18:18','2026-02-03 09:18:18',140),
('SC-ml5v5292','ML-8c9jh8j7f','SYS_ID','varchar','2026-02-03 09:31:14','2026-02-03 09:31:14',10),
('SC-ml5v529m','ML-8c9jh8j7f','ATT_ID','varchar','2026-02-03 09:31:14','2026-02-03 09:31:14',20),
('SC-ml5v529p','ML-8c9jh8j7f','GRP_CD','varchar','2026-02-03 09:31:14','2026-02-03 09:31:14',30),
('SC-ml5v529s','ML-8c9jh8j7f','ORGN_FILE_NM','varchar','2026-02-03 09:31:14','2026-02-03 09:31:14',40),
('SC-ml5v529u','ML-8c9jh8j7f','ATT_FILE_NM','varchar','2026-02-03 09:31:14','2026-02-03 09:31:14',50),
('SC-ml5v529w','ML-8c9jh8j7f','ATT_FILE_PATH','varchar','2026-02-03 09:31:14','2026-02-03 09:31:14',60),
('SC-ml5v52a2','ML-8c9jh8j7f','ATT_FILE_SIZ','int4','2026-02-03 09:31:14','2026-02-03 09:31:14',70),
('SC-ml5v52a5','ML-8c9jh8j7f','SORT_ORD','int4','2026-02-03 09:31:14','2026-02-03 09:31:14',80),
('SC-ml5v52a7','ML-8c9jh8j7f','REM','varchar','2026-02-03 09:31:14','2026-02-03 09:31:14',90),
('SC-ml5v52a9','ML-8c9jh8j7f','STS','bpchar','2026-02-03 09:31:14','2026-02-03 09:31:14',100),
('SC-ml5v52ab','ML-8c9jh8j7f','REG_ID','varchar','2026-02-03 09:31:14','2026-02-03 09:31:14',110),
('SC-ml5v52ae','ML-8c9jh8j7f','REG_DT','timestamp','2026-02-03 09:31:14','2026-02-03 09:31:14',120),
('SC-ml5v52ag','ML-8c9jh8j7f','MOD_ID','varchar','2026-02-03 09:31:14','2026-02-03 09:31:14',130),
('SC-ml5v52aj','ML-8c9jh8j7f','MOD_DT','timestamp','2026-02-03 09:31:14','2026-02-03 09:31:14',140);
/*!40000 ALTER TABLE `zxxmig_select_column` ENABLE KEYS */;
UNLOCK TABLES;

--
-- Table structure for table `zxxmig_work_list`
--

DROP TABLE IF EXISTS `zxxmig_work_list`;
/*!40101 SET @saved_cs_client     = @@character_set_client */;
/*!40101 SET character_set_client = utf8mb4 */;
CREATE TABLE `zxxmig_work_list` (
  `work_seq` varchar(20) NOT NULL COMMENT '작업 PK',
  `mig_list_seq` varchar(20) NOT NULL COMMENT '이관 목록 FK',
  `worker_id` varchar(50) DEFAULT NULL COMMENT '작업을 수행한 워커 ID',
  `status` varchar(20) DEFAULT 'READY' COMMENT '상태 (READY, RUNNING, DONE, FAIL)',
  `start_date` datetime DEFAULT NULL COMMENT '작업 시작 시간',
  `end_date` datetime DEFAULT NULL COMMENT '작업 종료 시간',
  `result_msg` text DEFAULT NULL COMMENT '결과 메시지 (성공 요약 또는 에러 로그)',
  `create_date` datetime DEFAULT NULL COMMENT '작업 생성일',
  `param_string` varchar(4000) DEFAULT NULL,
  PRIMARY KEY (`work_seq`),
  KEY `FK_WORK_LIST_MIG_LIST_idx` (`mig_list_seq`),
  CONSTRAINT `FK_WORK_LIST_MIG_LIST` FOREIGN KEY (`mig_list_seq`) REFERENCES `zxxmig_migration_list` (`mig_list_seq`)
) ENGINE=InnoDB DEFAULT CHARSET=utf8mb3 COLLATE=utf8mb3_uca1400_ai_ci COMMENT='이관 작업 목록 (실행 이력)';
/*!40101 SET character_set_client = @saved_cs_client */;

--
-- Dumping data for table `zxxmig_work_list`
--

LOCK TABLES `zxxmig_work_list` WRITE;
/*!40000 ALTER TABLE `zxxmig_work_list` DISABLE KEYS */;
INSERT INTO `zxxmig_work_list` VALUES
('WK-8c9ji2a7b','ML-8c9jgpb91','worker-01','DONE','2026-02-02 15:08:15','2026-02-02 15:10:35',NULL,'2026-02-02 15:08:14',NULL),
('WK-8c9jjkcbk','ML-8c9jh8j7f','worker-02','DONE','2026-02-02 15:21:10','2026-02-02 15:23:24',NULL,'2026-02-02 15:21:09',NULL),
('WK-8c9jmm9a7','ML-8c9jh8j7f','worker-01','DONE','2026-02-02 15:44:34','2026-02-02 15:47:01',NULL,'2026-02-02 15:44:33',NULL),
('WK-ml4t884c','ML-8c9jh8j7f','worker-01','DONE','2026-02-02 15:49:57','2026-02-02 15:52:16',NULL,'2026-02-02 15:49:56',NULL),
('WK-ml4ti0kd','ML-8c9jh8j7f','worker-02','DONE','2026-02-02 15:57:34','2026-02-02 16:00:07',NULL,'2026-02-02 15:57:33',NULL),
('WK-ml4u42tm','ML-8c9jh8j7f','worker-02','DONE','2026-02-02 16:14:45','2026-02-02 16:17:09',NULL,'2026-02-02 16:14:42',NULL),
('WK-ml4uuuqd','ML-8c9jh8j7f','worker-01','DONE','2026-02-02 16:35:32','2026-02-02 16:38:02',NULL,'2026-02-02 16:35:31',NULL),
('WK-ml5uu8fh','ML-8c9jgpb91','worker-01','DONE','2026-02-03 09:22:50','2026-02-03 09:25:32',NULL,'2026-02-03 09:22:49',NULL),
('WK-ml5v7a1l','ML-8c9jh8j7f','worker-01','DONE','2026-02-03 09:32:59','2026-02-03 09:46:01',NULL,'2026-02-03 09:32:57',NULL),
('WL-ml4uy2p3','ML-8c9jh8j7f','worker-02','DONE','2026-02-02 16:38:05','2026-02-02 16:42:39',NULL,'2026-02-02 16:38:02','MIN_PK=EMRO,00000018-b68a-49c8-80d9-3046c444d0d1;MAX_PK=EMRO,19978fc5-ffee-41cc-b8d3-48332a13c6f6'),
('WL-ml4uy2pc','ML-8c9jh8j7f','worker-01','DONE','2026-02-02 16:38:07','2026-02-02 16:42:39',NULL,'2026-02-02 16:38:02','MIN_PK=EMRO,19a3e37d-f2cd-47d0-bb57-db44420cc17a;MAX_PK=EMRO,3338cb5d-b13d-4db1-b23c-dffabcaf1c0e'),
('WL-ml4uy2pj','ML-8c9jh8j7f','worker-02','DONE','2026-02-02 16:42:44','2026-02-02 16:46:56',NULL,'2026-02-02 16:38:02','MIN_PK=EMRO,334517aa-fd1d-4970-82a9-87ba4acf8786;MAX_PK=EMRO,4cd70b86-33d5-4f33-b764-f5d726e9dcfa'),
('WL-ml4uy2pr','ML-8c9jh8j7f','worker-01','DONE','2026-02-02 16:42:44','2026-02-02 16:46:41',NULL,'2026-02-02 16:38:02','MIN_PK=EMRO,4ce36d54-62bc-440e-bfd7-a99bacf26210;MAX_PK=EMRO,667cefae-6735-469b-a248-52bde87e2bcd'),
('WL-ml4uy2q0','ML-8c9jh8j7f','worker-01','DONE','2026-02-02 16:46:46','2026-02-02 16:50:23',NULL,'2026-02-02 16:38:02','MIN_PK=EMRO,66893c36-8832-4fa5-aa8a-7944533faf19;MAX_PK=EMRO,80120b38-a047-4016-962e-f68d0b7e8893'),
('WL-ml4uy2q7','ML-8c9jh8j7f','worker-02','DONE','2026-02-02 16:47:01','2026-02-02 16:50:23',NULL,'2026-02-02 16:38:02','MIN_PK=EMRO,801e3f07-e6d6-4a04-9757-2da029af2667;MAX_PK=EMRO,99a6181f-c2b0-4474-87ad-9f636c63bd40'),
('WL-ml4uy2qe','ML-8c9jh8j7f','worker-02','DONE','2026-02-02 16:50:28','2026-02-02 16:53:28',NULL,'2026-02-02 16:38:02','MIN_PK=EMRO,99b26799-5424-40ed-ba99-7ca0374f51aa;MAX_PK=EMRO,b33f9b2c-db91-4f2e-becc-b22b0a4a37b8'),
('WL-ml4uy2qn','ML-8c9jh8j7f','worker-01','DONE','2026-02-02 16:50:28','2026-02-02 16:53:30',NULL,'2026-02-02 16:38:02','MIN_PK=EMRO,b34c0560-8c8a-408a-86ed-ccf78a65c82c;MAX_PK=EMRO,ccd07f4c-c2f7-4ff4-aed7-caf04450f614'),
('WL-ml4uy2qu','ML-8c9jh8j7f','worker-02','DONE','2026-02-02 16:53:33','2026-02-02 16:56:18',NULL,'2026-02-02 16:38:02','MIN_PK=EMRO,ccdcf4e5-b97e-4054-90d4-395a9d79521e;MAX_PK=EMRO,e666e202-6168-42d4-be90-8abf93630dfd'),
('WL-ml4uy2rv','ML-8c9jh8j7f','worker-01','DONE','2026-02-02 16:53:35','2026-02-02 16:56:15',NULL,'2026-02-02 16:38:02','MIN_PK=EMRO,e6735ae1-235c-4317-b73a-8ca954d70f76;MAX_PK=EMRO,fffde7c2-0dcf-47bd-8f43-09cc55bb61db');
/*!40000 ALTER TABLE `zxxmig_work_list` ENABLE KEYS */;
UNLOCK TABLES;

--
-- Dumping routines for database 'mig'
--
/*!40103 SET TIME_ZONE=@OLD_TIME_ZONE */;

/*!40101 SET SQL_MODE=@OLD_SQL_MODE */;
/*!40014 SET FOREIGN_KEY_CHECKS=@OLD_FOREIGN_KEY_CHECKS */;
/*!40014 SET UNIQUE_CHECKS=@OLD_UNIQUE_CHECKS */;
/*!40101 SET CHARACTER_SET_CLIENT=@OLD_CHARACTER_SET_CLIENT */;
/*!40101 SET CHARACTER_SET_RESULTS=@OLD_CHARACTER_SET_RESULTS */;
/*!40101 SET COLLATION_CONNECTION=@OLD_COLLATION_CONNECTION */;
/*M!100616 SET NOTE_VERBOSITY=@OLD_NOTE_VERBOSITY */;

-- Dump completed on 2026-02-04 17:04:49
